<application>
  <component name="ConsoleFoldingSettings">
    <option name="addedPositive">
      <list>
        <option value="/OkHttp: Server" />
        <option value="D/Atlas:" />
        <option value="D/DecorView:" />
        <option value="D/FA:" />
        <option value="D/libEGL:" />
        <option value="D/NetworkSecurityConfig:" />
        <option value="D/OkHttp:" />
        <option value="D/OkHttp: --&gt; END" />
        <option value="D/OkHttp: &lt;-- END" />
        <option value="D/OkHttp: Allow:" />
        <option value="D/OkHttp: Connection:" />
        <option value="D/OkHttp: Content-Length:" />
        <option value="D/OkHttp: Content-Type: application/json" />
        <option value="D/OkHttp: Date:" />
        <option value="D/OkHttp: X-Frame-Options:" />
        <option value="D/OnePlusJankManager" />
        <option value="D/OpenGLRenderer:" />
        <option value="D/skia:" />
        <option value="E/art:" />
        <option value="E/dio.works.duul:" />
        <option value="E/libc:" />
        <option value="E/libprocessgroup:" />
        <option value="ee.chippstudio.works.duuly W/" />
        <option value="I/Adreno:" />
        <option value="I/art:" />
        <option value="I/AssistStructure:" />
        <option value="I/chatty:" />
        <option value="I/ConfigStore:" />
        <option value="I/CrashlyticsInitProvider:" />
        <option value="I/dio.works.duul:" />
        <option value="I/DynamiteModule:" />
        <option value="I/Firebase" />
        <option value="I/ListPopupWindow:" />
        <option value="I/OpenGLRenderer:" />
        <option value="I/stetho:" />
        <option value="I/System.out: SocketClient" />
        <option value="System.out: isViewEventsEquals not" />
        <option value="V/FA:" />
        <option value="W/ActivityThread:" />
        <option value="W/art:" />
        <option value="W/dio.works.duul:" />
        <option value="W/dio.works.duuly: type=1400" />
        <option value="W/EGL_emulation" />
        <option value="W/OpenGLRenderer:" />
        <option value="W/View:" />
        <option value="W/Zygote:" />
        <option value="I/FA" />
      </list>
    </option>
  </component>
</application>