<application>
  <component name="FileTypeManager" version="17">
    <extensionMap>
      <mapping ext="klib" type="ARCHIVE" />
      <mapping pattern=".db" type="Android Room SQL" />
      <mapping ext="result" type="AndroidDataBinding" />
      <mapping pattern="aristos" type="Native" />
      <mapping pattern="aristos-journal" type="Native" />
      <mapping pattern="secretbox" type="Native" />
      <mapping ext="mp3" type="Native" />
      <mapping ext="wav" type="Native" />
      <mapping ext="db-journal" type="PLAIN_TEXT" />
      <mapping ext="fnc" type="DBN-PSQL" />
      <mapping ext="pkb" type="DBN-PSQL" />
      <mapping ext="pkg" type="DBN-PSQL" />
      <mapping ext="pks" type="DBN-PSQL" />
      <mapping ext="prc" type="DBN-PSQL" />
      <mapping ext="tpb" type="DBN-PSQL" />
      <mapping ext="tpe" type="DBN-PSQL" />
      <mapping ext="tps" type="DBN-PSQL" />
      <mapping ext="trg" type="DBN-PSQL" />
      <mapping ext="vw" type="DBN-SQL" />
    </extensionMap>
  </component>
</application>