<application>
  <component name="ParameterNameHintsSettings">
    <blacklists>
      <blacklist language="Java">
        <added pattern="java.lang" />
      </blacklist>
      <blacklist language="Groovy" />
      <blacklist language="Kotlin">
        <added pattern="*" />
      </blacklist>
    </blacklists>
    <option id="SHOW_PROPERTY_HINT" value="true" />
    <option id="java.multiple.params.same.type" value="true" />
    <option id="SHOW_LOCAL_VARIABLE_HINT" value="true" />
    <option id="SHOW_FUNCTION_HINT" value="true" />
    <option id="SHOW_PARAMETER_TYPE_HINT" value="true" />
    <option id="java.method.name.contains.parameter.name" value="false" />
  </component>
</application>